{
    "epoch": [
        1,
        2,
        3,
        4,
        5
    ],
    "loss": [
        0.25561448564411887,
        0.25365030629114366,
        0.24230541645641057,
        0.23533009758717577,
        0.22999061465683118
    ]
}