{
    "epoch": [
        1,
        2,
        3,
        4,
        5,
        6,
        7,
        8,
        9,
        10
    ],
    "train_loss": [
        0.6701499857533146,
        0.5895778200995754,
        0.5428782466431739,
        0.5120433562658202,
        0.49223649333900127,
        0.476349821392919,
        0.46458573807293263,
        0.46050297731245066,
        0.4532993643636435,
        0.4468674929419034
    ],
    "val_loss": [
        0.6212751038612858,
        0.5591720957909861,
        0.5212790408442097,
        0.4945010619778787,
        0.4777336928152269,
        0.46194916579031176,
        0.45839538593446055,
        0.44976752035079465,
        0.44331128414600124,
        0.4401437553667253
    ],
    "train_acc": [
        0.6202029113365681,
        0.7719453021614469,
        0.788266431407146,
        0.7935597706219674,
        0.7931186590207322,
        0.80414644905161,
        0.8067931186590207,
        0.8001764446404941,
        0.7988531098367887,
        0.80414644905161
    ],
    "val_acc": [
        0.742393509127789,
        0.7870182555780934,
        0.7931034482758621,
        0.7870182555780934,
        0.8093306288032455,
        0.8174442190669371,
        0.8012170385395537,
        0.8093306288032455,
        0.8052738336713996,
        0.8194726166328601
    ]
}